{
    "fake": {
        "precision": 0.5620915032679739,
        "recall": 0.4858757062146893,
        "f1-score": 0.5212121212121212,
        "support": 177.0
    },
    "real": {
        "precision": 0.754054054054054,
        "recall": 0.8063583815028902,
        "f1-score": 0.7793296089385475,
        "support": 346.0
    },
    "accuracy": 0.6978967495219885,
    "macro avg": {
        "precision": 0.6580727786610139,
        "recall": 0.6461170438587898,
        "f1-score": 0.6502708650753344,
        "support": 523.0
    },
    "weighted avg": {
        "precision": 0.6890877605757821,
        "recall": 0.6978967495219885,
        "f1-score": 0.6919743597462389,
        "support": 523.0
    }
}