{
    "fake": {
        "precision": 0.927536231884058,
        "recall": 0.7710843373493976,
        "f1-score": 0.8421052631578948,
        "support": 166.0
    },
    "real": {
        "precision": 0.8972972972972973,
        "recall": 0.9707602339181286,
        "f1-score": 0.9325842696629214,
        "support": 342.0
    },
    "accuracy": 0.905511811023622,
    "macro avg": {
        "precision": 0.9124167645906777,
        "recall": 0.8709222856337631,
        "f1-score": 0.8873447664104082,
        "support": 508.0
    },
    "weighted avg": {
        "precision": 0.907178523953601,
        "recall": 0.905511811023622,
        "f1-score": 0.9030182950963183,
        "support": 508.0
    }
}