{
    "fake": {
        "precision": 0.7777777777777778,
        "recall": 0.7590361445783133,
        "f1-score": 0.7682926829268293,
        "support": 166.0
    },
    "real": {
        "precision": 0.884393063583815,
        "recall": 0.8947368421052632,
        "f1-score": 0.8895348837209303,
        "support": 342.0
    },
    "accuracy": 0.8503937007874016,
    "macro avg": {
        "precision": 0.8310854206807964,
        "recall": 0.8268864933417882,
        "f1-score": 0.8289137833238798,
        "support": 508.0
    },
    "weighted avg": {
        "precision": 0.849554210347984,
        "recall": 0.8503937007874016,
        "f1-score": 0.8499163692882122,
        "support": 508.0
    }
}