{
    "fake": {
        "precision": 0.4666666666666667,
        "recall": 0.4745762711864407,
        "f1-score": 0.47058823529411764,
        "support": 177.0
    },
    "real": {
        "precision": 0.7288629737609329,
        "recall": 0.7225433526011561,
        "f1-score": 0.725689404934688,
        "support": 346.0
    },
    "accuracy": 0.638623326959847,
    "macro avg": {
        "precision": 0.5977648202137997,
        "recall": 0.5985598118937984,
        "f1-score": 0.5981388201144029,
        "support": 523.0
    },
    "weighted avg": {
        "precision": 0.6401273210731984,
        "recall": 0.638623326959847,
        "f1-score": 0.6393549746739213,
        "support": 523.0
    }
}