{
    "fake": {
        "precision": 0.9512195121951219,
        "recall": 0.9397590361445783,
        "f1-score": 0.9454545454545454,
        "support": 166.0
    },
    "real": {
        "precision": 0.9709302325581395,
        "recall": 0.9766081871345029,
        "f1-score": 0.9737609329446064,
        "support": 342.0
    },
    "accuracy": 0.9645669291338582,
    "macro avg": {
        "precision": 0.9610748723766307,
        "recall": 0.9581836116395406,
        "f1-score": 0.9596077391995759,
        "support": 508.0
    },
    "weighted avg": {
        "precision": 0.9644893278725865,
        "recall": 0.9645669291338582,
        "f1-score": 0.9645112078986415,
        "support": 508.0
    }
}