{
    "fake": {
        "precision": 0.5598086124401914,
        "recall": 0.6610169491525424,
        "f1-score": 0.6062176165803109,
        "support": 177.0
    },
    "real": {
        "precision": 0.8089171974522293,
        "recall": 0.7341040462427746,
        "f1-score": 0.7696969696969698,
        "support": 346.0
    },
    "accuracy": 0.7093690248565966,
    "macro avg": {
        "precision": 0.6843629049462103,
        "recall": 0.6975604976976585,
        "f1-score": 0.6879572931386404,
        "support": 523.0
    },
    "weighted avg": {
        "precision": 0.7246108503257844,
        "recall": 0.7093690248565966,
        "f1-score": 0.714370305257871,
        "support": 523.0
    }
}